Ano;Especie;Quantidade;Preco_Medio_Corrigido_IPCA
1994;Eucalipto;142;338.55992076570334
1994;Eucalipto;5430;686.1648044782914
1994;Eucalipto;13492;87.29548854378048
1994;Eucalipto;15085;558.2597515242667
1995;Eucalipto;160;40.31966175169031
1995;Eucalipto;12077;348.2774578804334
1995;Eucalipto;13923;80.15228703700993
1996;Eucalipto;16;719.8398972959241
1996;Eucalipto;451;51.06925233087263
1996;Eucalipto;1060;10.865551642603918
1996;Eucalipto;21807;80.80166899217087
1996;Eucalipto;95720;575.7466798882439
1997;Eucalipto;17;642.6330212698228
1997;Eucalipto;360;273.12309267689443
1997;Eucalipto;19124;74.26146501519266
1997;Eucalipto;100595;571.4097361162761
1998;Eucalipto;18;594.7295059703599
1998;Eucalipto;320;217.4501861281843
1998;Eucalipto;14047;79.64205835795488
1998;Eucalipto;102426;559.732457029721
1999;Eucalipto;17;585.8005040868967
1999;Eucalipto;440;271.6040027460715
1999;Eucalipto;9243;89.96259300247726
1999;Eucalipto;99987;545.8055333127868
2000;Eucalipto;17;549.2727691090927
2000;Eucalipto;288;113.47949666437776
2000;Eucalipto;705;284.7655834444231
2000;Eucalipto;9297;75.32830679867135
2000;Eucalipto;100989;489.355687639152
2001;Eucalipto;293;89.19724998389471
2001;Eucalipto;632;261.8864656313414
2001;Eucalipto;760;85.96193631443208
2001;Eucalipto;15415;70.64347983643871
2001;Eucalipto;17116;46.31484873058704
2001;Eucalipto;19827;627.8363895772267
2002;Eucalipto;13;617.9101225483378
2002;Eucalipto;276;116.41331156894424
2002;Eucalipto;1280;28.2365189431596
2002;Eucalipto;19320;107.89017340745664
2002;Eucalipto;36905;86.63451048227736
2003;Eucalipto;15;469.81624845261234
2003;Eucalipto;420;83.8978293855276
2003;Eucalipto;1160;42.52292195670072
2003;Eucalipto;16456;140.25490620842518
2003;Eucalipto;19800;70.46953824130632
2004;Eucalipto;15;439.643179750312
2004;Eucalipto;190;0.0
2004;Eucalipto;1000;65.94705676786391
2004;Eucalipto;13164;72.13937755457737
2004;Eucalipto;19203;255.4970110368113
2005;Eucalipto;80;38.75418739549872
2005;Eucalipto;2700;78.07658400176328
2005;Eucalipto;3800;83.21365911134016
2005;Eucalipto;8135;201.58671265210944
2005;Eucalipto;13093;112.70255753945304
2005;Eucalipto;32511;240.86272483300533
2006;Eucalipto;1340;295.7239039377643
2006;Eucalipto;9056;75.24713405427623
2006;Eucalipto;11697;129.3545662467948
2006;Eucalipto;26271;255.1723200592308
2007;Eucalipto;2650;115.33487367912332
2007;Eucalipto;9728;77.94902683199952
2007;Eucalipto;13201;119.91533568427656
2007;Eucalipto;27505;86.69249101398816
2008;Eucalipto;2835;108.00613447087824
2008;Eucalipto;10737;108.51636314993328
2008;Eucalipto;16797;134.37568029295005
2008;Eucalipto;27957;84.12975151237079
2009;Eucalipto;2460;114.19845525759168
2009;Eucalipto;6006;118.67455230566544
2009;Eucalipto;18451;83.17887079231369
2009;Eucalipto;37160;104.02866999551736
2010;Eucalipto;1476;127.3252476369168
2010;Eucalipto;13370;104.1330349525968
2010;Eucalipto;39521;102.2428696188247
2010;Eucalipto;42540;104.05186220820168
2011;Eucalipto;2734;99.77289896794464
2011;Eucalipto;3535;122.29253748441936
2011;Eucalipto;10581;105.30424169315496
2011;Eucalipto;39947;101.73264093976968
2012;Eucalipto;275;111.60092743694784
2012;Eucalipto;3975;104.78241690775776
2012;Eucalipto;11321;108.63232421335488
2012;Eucalipto;30903;109.60639714609631
2013;Eucalipto;25;82.8541798147332
2013;Eucalipto;40;51.78821092408656
2013;Eucalipto;322;64.32360187996152
2013;Eucalipto;415;3109.4843195438616
2013;Eucalipto;647;2000.8965532333657
2013;Eucalipto;650;82.8541798147332
2013;Eucalipto;884;44.51745224755224
2013;Eucalipto;1391;102.74150219153758
2013;Eucalipto;1840;141.84357277730112
2013;Eucalipto;2400;104.43453371749295
2013;Eucalipto;2573;2448.077202106081
2013;Eucalipto;8207;1614.7578081457798
2013;Eucalipto;10000;82.8541798147332
2013;Eucalipto;16162;1394.2578460496077
2013;Eucalipto;17904;2375.2420581709757
2013;Eucalipto;23991;103.4372685720672
2013;Eucalipto;25399;92.8848118007016
2013;Eucalipto;30030;103.59961406085742
2013;Eucalipto;30899;24.8736481039332
2013;Eucalipto;32940;66.2717477454444
2013;Eucalipto;44676;1179.90382031478
2013;Eucalipto;67420;2160.20386216196
2013;Eucalipto;107049;155.28346002786455
2013;Eucalipto;107643;109.583204933412
2013;Eucalipto;111695;309.2449639327229
2013;Eucalipto;118266;1289.394256397455
2013;Eucalipto;124395;142.70168464662095
2013;Eucalipto;136258;287.0500163938286
2013;Eucalipto;142500;973.5279157433584
2013;Eucalipto;223639;243.64579035512372
2013;Eucalipto;267802;127.17449825446872
2013;Eucalipto;308040;118.9412627515351
2013;Eucalipto;346551;84.7095568294788
2013;Eucalipto;423400;96.97823733948408
2013;Eucalipto;449974;641.0675469136313
2013;Eucalipto;531037;61.563728570527445
2013;Eucalipto;644320;233.92825324039364
2013;Eucalipto;652362;285.83242522790187
2013;Eucalipto;694622;244.95615037178783
2013;Eucalipto;863040;83.56154230160496
2013;Eucalipto;907899;125.95690708854193
2013;Eucalipto;1315428;115.50881527425577
2013;Eucalipto;1561140;173.77924964360977
2013;Eucalipto;1841935;69.79696407346103
2013;Eucalipto;1870847;177.14212048283616
2013;Eucalipto;3959761;135.5932714588769
2013;Eucalipto;4001195;138.38793308733742
2013;Eucalipto;4458379;124.24068334990224
2013;Eucalipto;4626529;963.3813226939684
2013;Eucalipto;5047176;175.54185780761807
2013;Eucalipto;5632808;108.00613447087824
2013;Eucalipto;6063135;72.32491525605191
2013;Eucalipto;6092473;183.3924218012604
2013;Eucalipto;6378289;171.79631545910038
2013;Eucalipto;6480436;77.47358647197096
2013;Eucalipto;6524082;90.69314770203334
2013;Eucalipto;8033052;110.11662582515136
2013;Eucalipto;9849329;78.41287108568592
2013;Eucalipto;9918530;88.31594590189056
2013;Eucalipto;11182710;179.36857290053086
2013;Eucalipto;11734029;113.05044072971782
2013;Eucalipto;17300614;119.70660577011768
2013;Pinus;1;2071.319707049304
2013;Pinus;710;1452.8413752901995
2013;Pinus;4176;952.33023334989
2013;Pinus;4310;1408.6022295948594
2013;Pinus;11818;2028.2053836691523
2013;Pinus;14200;207.41955414221587
2013;Pinus;16341;165.6735713104399
2013;Pinus;20000;932.0950277828208
2013;Pinus;30000;62.14353388763544
2013;Pinus;32469;238.2072164806507
2013;Pinus;40000;82.8541798147332
2013;Pinus;50834;217.5081666598951
2013;Pinus;102817;55.11629344428648
2013;Pinus;130000;124.27547166892872
2013;Pinus;292075;44.5870288856052
2013;Pinus;450635;62.09714946226679
2013;Pinus;613485;77.75189302418279
2013;Pinus;659338;110.77760388665448
2013;Pinus;660000;164.7690750157514
2013;Pinus;1039688;130.9432328156707
2013;Pinus;1081838;101.95296696027071
2013;Pinus;1183660;119.0920121339832
2013;Pinus;1299588;115.3000853600969
2013;Pinus;2425602;139.89542691181825
2013;Pinus;6028084;181.3631031913824
2013;Pinus;6960902;106.28991073223855
2013;Pinus;7633910;138.06324210975694
2013;Pinus;11240394;148.83602490162357
2014;Eucalipto;33;117.78165211731913
2014;Eucalipto;155;977.9228400470372
2014;Eucalipto;300;2914.97123176047
2014;Eucalipto;328;65.17011764293919
2014;Eucalipto;565;2242.547813297638
2014;Eucalipto;663;79.143425785242
2014;Eucalipto;1600;136.03392349987897
2014;Eucalipto;1700;212.62620588984575
2014;Eucalipto;2895;77.86785408760441
2014;Eucalipto;3192;2253.193038919741
2014;Eucalipto;3600;593.7902213566449
2014;Eucalipto;5228;213.7394320986931
2014;Eucalipto;6152;97.60442708196072
2014;Eucalipto;8395;2084.2841539398382
2014;Eucalipto;11428;54.93075574281191
2014;Eucalipto;15390;1547.4540069358834
2014;Eucalipto;16420;116.57565705773446
2014;Eucalipto;18946;111.07910265155064
2014;Eucalipto;21861;2165.375725590563
2014;Eucalipto;40539;1167.6467359111166
2014;Eucalipto;42573;89.60311370587031
2014;Eucalipto;49985;236.72291486885425
2014;Eucalipto;65836;2125.937367920877
2014;Eucalipto;115976;1129.5303343644368
2014;Eucalipto;122304;104.68964805702048
2014;Eucalipto;130620;228.8723508752119
2014;Eucalipto;132209;140.76513488748023
2014;Eucalipto;136000;873.7086323500451
2014;Eucalipto;152232;169.0712304686928
2014;Eucalipto;172600;191.2893702202713
2014;Eucalipto;197088;243.6805786741502
2014;Eucalipto;387791;235.89959131856088
2014;Eucalipto;405745;80.74368846046008
2014;Eucalipto;428983;80.61613129069632
2014;Eucalipto;458305;61.1114804231832
2014;Eucalipto;482253;211.6753251697886
2014;Eucalipto;535086;589.0358177563594
2014;Eucalipto;544000;89.78865140734489
2014;Eucalipto;834563;116.9119441416571
2014;Eucalipto;990800;131.20994326154042
2014;Eucalipto;1080282;218.6445850814268
2014;Eucalipto;1299191;68.78810282169313
2014;Eucalipto;1597935;119.35872257985288
2014;Eucalipto;2010118;156.76776163966102
2014;Eucalipto;2048228;67.84881820797816
2014;Eucalipto;2050206;165.0705737806476
2014;Eucalipto;3331219;158.55356201635362
2014;Eucalipto;3945084;137.50662900533328
2014;Eucalipto;4245027;159.8871142457021
2014;Eucalipto;4328050;120.18204613014623
2014;Eucalipto;4973230;160.5249000945209
2014;Eucalipto;5199326;1014.4157867058146
2014;Eucalipto;5455859;73.5772947410052
2014;Eucalipto;5566167;192.30982757838143
2014;Eucalipto;6600392;73.20621933805607
2014;Eucalipto;6859285;81.07997554438272
2014;Eucalipto;7443391;122.338921909788
2014;Eucalipto;8293047;136.03392349987897
2014;Eucalipto;9020721;90.92506982887656
2014;Eucalipto;9524199;81.90329909467607
2014;Eucalipto;11177239;87.17952748035889
2014;Eucalipto;12296942;133.90023993292152
2014;Eucalipto;16107261;112.3082899238196
2014;Pinus;2;73845.94173663402
2014;Pinus;52;74.74850148156334
2014;Pinus;174;256.8769476915283
2014;Pinus;600;2672.055996104902
2014;Pinus;740;1368.201395098774
2014;Pinus;795;938.6584239724834
2014;Pinus;3105;223.43377700073887
2014;Pinus;4269;1943.310289138199
2014;Pinus;20000;816.1919448929317
2014;Pinus;29728;49.87485337763015
2014;Pinus;30000;68.01116369676839
2014;Pinus;43023;213.78581652406177
2014;Pinus;50412;65.99344119323256
2014;Pinus;115927;217.65891604234315
2014;Pinus;134415;45.44514075492504
2014;Pinus;150644;93.74292367002144
2014;Pinus;224877;81.81053024393879
2014;Pinus;251084;62.37545601447864
2014;Pinus;333303;91.4932790396424
2014;Pinus;375552;134.0162009963431
2014;Pinus;495000;143.49021987788782
2014;Pinus;1094519;82.91216034644398
2014;Pinus;1328015;89.10448113315744
2014;Pinus;1651963;96.95504512679976
2014;Pinus;2409574;141.58845843777357
2014;Pinus;5161681;104.8519935458107
2014;Pinus;6032262;157.3591630631112
2014;Pinus;7082621;132.86818646846928
2014;Pinus;12589717;162.03239391900166
2015;Eucalipto;1;3535.5832470865307
2015;Eucalipto;18;98.20742461175304
2015;Eucalipto;141;2118.840550839476
2015;Eucalipto;165;2871.32348748858
2015;Eucalipto;382;78.66798542521344
2015;Eucalipto;690;79.42173233745382
2015;Eucalipto;1276;2765.288691095869
2015;Eucalipto;1556;105.66372098976191
2015;Eucalipto;1800;58.93141243085712
2015;Eucalipto;2300;159.0985790144352
2015;Eucalipto;2744;74.08752342006024
2015;Eucalipto;4000;556.8566226568653
2015;Eucalipto;4985;70.57390319838575
2015;Eucalipto;6235;194.50149167704964
2015;Eucalipto;8284;89.62630591855464
2015;Eucalipto;8302;1887.4634409943565
2015;Eucalipto;17721;1581.7436933896504
2015;Eucalipto;26240;108.7366891704343
2015;Eucalipto;27989;1815.347255652464
2015;Eucalipto;30005;1109.8169535827649
2015;Eucalipto;49235;69.58823415930216
2015;Eucalipto;54700;119.92693179061872
2015;Eucalipto;63692;2002.322874313452
2015;Eucalipto;69632;883.9943786755412
2015;Eucalipto;111787;977.111112603086
2015;Eucalipto;146850;177.3624465033372
2015;Eucalipto;167154;230.07834593479652
2015;Eucalipto;188724;81.54381979806911
2015;Eucalipto;195428;88.31594590189056
2015;Eucalipto;214175;224.7905214427716
2015;Eucalipto;229327;226.2748230545681
2015;Eucalipto;240632;100.74697190068606
2015;Eucalipto;301942;75.3167106923292
2015;Eucalipto;361480;46.37282926229784
2015;Eucalipto;399000;92.119468782119
2015;Eucalipto;450854;63.69741213748488
2015;Eucalipto;467224;199.5342018295471
2015;Eucalipto;530280;569.5427629951882
2015;Eucalipto;758500;104.10984273991248
2015;Eucalipto;926497;226.2748230545681
2015;Eucalipto;1033612;110.98633380081333
2015;Eucalipto;1164672;111.04431433252417
2015;Eucalipto;1194528;205.7033304035762
2015;Eucalipto;1268761;144.96292538334217
2015;Eucalipto;1990618;152.3612412296402
2015;Eucalipto;2852270;113.38672781364048
2015;Eucalipto;3430840;82.49470051812624
2015;Eucalipto;4131924;151.4567449349518
2015;Eucalipto;4166394;110.48770122810048
2015;Eucalipto;4270135;133.1233008079968
2015;Eucalipto;4464782;803.9464565956106
2015;Eucalipto;4536196;143.57139262228293
2015;Eucalipto;4576669;167.8768315154503
2015;Eucalipto;4837676;63.97571868969671
2015;Eucalipto;5691018;65.39044366344024
2015;Eucalipto;5969756;66.22536332007576
2015;Eucalipto;6107054;88.08402377504734
2015;Eucalipto;6592274;77.02133832462671
2015;Eucalipto;8195752;107.27557977132216
2015;Eucalipto;9419761;106.06958471173752
2015;Eucalipto;9498824;74.28465722787695
2015;Eucalipto;11126490;164.21246191132778
2015;Eucalipto;12215860;74.86446254498496
2015;Eucalipto;15281191;87.19112358670102
2015;Pinus;1;3535.5832470865307
2015;Pinus;72;1767.7916235432654
2015;Pinus;135;1767.7916235432654
2015;Pinus;500;70.71305647449167
2015;Pinus;950;1425.393391578307
2015;Pinus;1554;70.52751877301712
2015;Pinus;9000;106.06958471173752
2015;Pinus;11520;162.35708489658217
2015;Pinus;12500;707.1189686385745
2015;Pinus;17464;50.81413799134512
2015;Pinus;20000;53.02899430269768
2015;Pinus;20480;58.87343189914632
2015;Pinus;31664;74.24986890885047
2015;Pinus;70627;194.45510725168103
2015;Pinus;106801;194.45510725168103
2015;Pinus;129317;40.412430602427605
2015;Pinus;217773;58.91981632451496
2015;Pinus;251720;28.700363196846
2015;Pinus;279756;77.3692215148915
2015;Pinus;365000;126.89619170225689
2015;Pinus;542190;126.11925257733216
2015;Pinus;780406;101.81381368416478
2015;Pinus;866952;84.38486585189833
2015;Pinus;1895715;65.2860787063608
2015;Pinus;2161485;120.9473891487288
2015;Pinus;4384093;89.49874874879089
2015;Pinus;6351684;146.5052075268494
2015;Pinus;7989858;101.54710323829512
2015;Pinus;11190095;135.0714466734797
2016;Eucalipto;2;2458.142622411077
2016;Eucalipto;3;0.0
2016;Eucalipto;6;5462.543026282285
2016;Eucalipto;56;175.57664612664456
2016;Eucalipto;155;1966.5140979288612
2016;Eucalipto;165;3863.5095383364737
2016;Eucalipto;217;105.72170152147272
2016;Eucalipto;434;71.74510993894391
2016;Eucalipto;533;408.9250940499302
2016;Eucalipto;1190;2182.7235006784344
2016;Eucalipto;1926;34.0345721142396
2016;Eucalipto;1963;139.41998655178966
2016;Eucalipto;2000;98.32338567517463
2016;Eucalipto;4590;66.41090102155032
2016;Eucalipto;9312;1977.5303989539127
2016;Eucalipto;10400;54.36254653204608
2016;Eucalipto;12314;1482.5274075261293
2016;Eucalipto;12418;79.44492455013815
2016;Eucalipto;17830;81.89170298833392
2016;Eucalipto;21000;68.90406388511471
2016;Eucalipto;26240;105.36222222486576
2016;Eucalipto;27000;55.17427397599728
2016;Eucalipto;32833;737.2456529155062
2016;Eucalipto;35850;230.0667498284544
2016;Eucalipto;46355;70.5623070920436
2016;Eucalipto;51749;738.0689764657996
2016;Eucalipto;51763;1282.0887094018938
2016;Eucalipto;74500;112.29669381747745
2016;Eucalipto;80000;294.981753131866
2016;Eucalipto;96973;91.41210629524728
2016;Eucalipto;101522;240.66559102518863
2016;Eucalipto;117915;1783.4463671051813
2016;Eucalipto;125980;160.2002091169404
2016;Eucalipto;150977;744.9338714203583
2016;Eucalipto;240838;234.07900262284176
2016;Eucalipto;241425;215.1425609660945
2016;Eucalipto;277390;52.2404590714308
2016;Eucalipto;329376;77.4851825783131
2016;Eucalipto;404645;83.73548389673734
2016;Eucalipto;559296;183.48519065199767
2016;Eucalipto;565344;46.46559811303512
2016;Eucalipto;574584;523.0539726694689
2016;Eucalipto;693604;66.20217110739144
2016;Eucalipto;733800;105.26945337412847
2016;Eucalipto;752372;89.01171228242016
2016;Eucalipto;969915;215.1425609660945
2016;Eucalipto;972749;105.74489373415705
2016;Eucalipto;1076576;147.490876565933
2016;Eucalipto;1549480;145.65869176387176
2016;Eucalipto;1924280;143.2698938573868
2016;Eucalipto;3287605;75.00361582109088
2016;Eucalipto;3544629;133.40160736020863
2016;Eucalipto;3939456;829.2491606342037
2016;Eucalipto;4181823;85.56766869879864
2016;Eucalipto;4460257;74.4470027166672
2016;Eucalipto;4476199;137.30949519751653
2016;Eucalipto;4872513;159.7943453949648
2016;Eucalipto;5586054;61.13467263586752
2016;Eucalipto;5635814;89.01171228242016
2016;Eucalipto;5808664;61.67968963394904
2016;Eucalipto;6164880;63.09441460769256
2016;Eucalipto;6578964;67.81402988895168
2016;Eucalipto;7775170;96.25927874627016
2016;Eucalipto;7923350;68.03435590945271
2016;Eucalipto;8823732;68.42862352508617
2016;Eucalipto;9878927;111.20665982131442
2016;Eucalipto;11532325;70.19123168909448
2016;Eucalipto;13617123;157.1388370426101
2016;Eucalipto;14354314;64.7642539209636
2016;Pinus;1;3277.5234965481022
2016;Pinus;5;0.0
2016;Pinus;68;1638.7617482740511
2016;Pinus;719;52.42599677290535
2016;Pinus;875;1237.9655247699748
2016;Pinus;7968;143.9656602379164
2016;Pinus;9500;655.5046993096204
2016;Pinus;10000;49.1674908907584
2016;Pinus;13148;81.89170298833392
2016;Pinus;16976;81.9612796263869
2016;Pinus;25000;131.10557830446095
2016;Pinus;30000;16.38529826147208
2016;Pinus;30173;54.47850759546768
2016;Pinus;32608;33.52434343518456
2016;Pinus;34018;73.7512363361376
2016;Pinus;68175;216.3137677066526
2016;Pinus;109000;216.3137677066526
2016;Pinus;166401;50.74456135329216
2016;Pinus;222327;56.51942231168783
2016;Pinus;235000;131.10557830446095
2016;Pinus;373216;71.72191772625959
2016;Pinus;481491;108.77147748946078
2016;Pinus;495883;61.52894025150096
2016;Pinus;880707;63.88294983895944
2016;Pinus;1889218;58.90822021817279
2016;Pinus;2248235;106.38267958297584
2016;Pinus;6030243;74.50498324837798
2016;Pinus;6084604;134.9786778227424
2016;Pinus;10061395;104.90997407752153
2016;Pinus;11352066;123.9043962659796
2017;Eucalipto;2;2393.4827334471925
2017;Eucalipto;5;0.0
2017;Eucalipto;38;83.97900212992272
2017;Eucalipto;283;95.85341502429456
2017;Eucalipto;289;3362.4765716107663
2017;Eucalipto;687;360.0127174986993
2017;Eucalipto;1233;1937.3035060529603
2017;Eucalipto;1270;81.67137696783287
2017;Eucalipto;4345;143.5945848349673
2017;Eucalipto;4700;127.64993861449727
2017;Eucalipto;10495;2008.1441196972155
2017;Eucalipto;12329;79.34055959305871
2017;Eucalipto;14130;443.5742598003043
2017;Eucalipto;19420;1338.7240927770035
2017;Eucalipto;20906;7.63023797314128
2017;Eucalipto;23930;79.08544525353119
2017;Eucalipto;26101;1396.3567412975387
2017;Eucalipto;29330;77.693912492472
2017;Eucalipto;30750;797.3598681932638
2017;Eucalipto;51150;248.9684031661752
2017;Eucalipto;53253;209.41408443306744
2017;Eucalipto;60364;1287.1678039797598
2017;Eucalipto;64420;97.22175557266944
2017;Eucalipto;64764;785.9029151272097
2017;Eucalipto;92548;63.430701691615205
2017;Eucalipto;102760;71.80309047065472
2017;Eucalipto;112102;1766.5624362709966
2017;Eucalipto;113492;65.19330985562353
2017;Eucalipto;120000;44.67979773634248
2017;Eucalipto;120850;49.85166116494584
2017;Eucalipto;127701;249.9424760989166
2017;Eucalipto;135041;790.0195328786764
2017;Eucalipto;140022;77.2880487704964
2017;Eucalipto;173950;162.44985374731942
2017;Eucalipto;220063;189.306436035762
2017;Eucalipto;229041;27.87703964655264
2017;Eucalipto;280140;49.66612346347128
2017;Eucalipto;320463;101.89498642855992
2017;Eucalipto;363768;761.5510918086736
2017;Eucalipto;376250;85.31255435927109
2017;Eucalipto;470989;69.866540711514
2017;Eucalipto;525850;199.1167420012293
2017;Eucalipto;526000;63.53506664869464
2017;Eucalipto;986742;106.20873798784343
2017;Eucalipto;1010091;209.66919877259497
2017;Eucalipto;1104202;107.22919534595351
2017;Eucalipto;1237845;88.13040820041601
2017;Eucalipto;1322717;138.79379680931305
2017;Eucalipto;1685869;110.3369518456524
2017;Eucalipto;2514219;112.87649913458544
2017;Eucalipto;2819066;73.38016093318848
2017;Eucalipto;2975413;57.3427458619812
2017;Eucalipto;3796147;133.45958789191943
2017;Eucalipto;4218066;812.5391713951511
2017;Eucalipto;4474162;72.71918287168536
2017;Eucalipto;4740002;59.70835155578184
2017;Eucalipto;4962085;160.9307638164965
2017;Eucalipto;5096855;59.15173845135816
2017;Eucalipto;5486519;118.55859124224384
2017;Eucalipto;5962911;74.78328980058983
2017;Eucalipto;6078503;88.62904077312889
2017;Eucalipto;6653336;97.55804265659208
2017;Eucalipto;7010218;59.5460060669916
2017;Eucalipto;7562187;51.81140313677088
2017;Eucalipto;9396787;64.36998630533014
2017;Eucalipto;11165763;71.33924621696832
2017;Eucalipto;12837042;124.95964194311615
2017;Eucalipto;12860798;109.90789591099248
2017;Eucalipto;14127211;55.58013769797287
2017;Pinus;1;3191.3180420004846
2017;Pinus;63;22516.495971655997
2017;Pinus;908;1351.387040902642
2017;Pinus;1066;50.89531073574024
2017;Pinus;6003;135.55848313985038
2017;Pinus;6840;718.0425008128894
2017;Pinus;10000;63.82496930724864
2017;Pinus;10933;71.80309047065472
2017;Pinus;16500;63.82496930724864
2017;Pinus;18400;33.99978379521311
2017;Pinus;27000;134.03939320902745
2017;Pinus;38363;55.85844425018472
2017;Pinus;38365;70.49273045399063
2017;Pinus;140500;135.6396558842455
2017;Pinus;141587;223.3873925753702
2017;Pinus;158000;135.62805977790336
2017;Pinus;207579;52.65791889974855
2017;Pinus;240872;55.61492601699936
2017;Pinus;255575;137.7849355575451
2017;Pinus;395571;69.39110035148545
2017;Pinus;477510;70.51592266667495
2017;Pinus;1677026;65.48321251417752
2017;Pinus;2008538;49.42260523028591
2017;Pinus;2394951;90.02057353418807
2017;Pinus;7259560;65.91226844883744
2017;Pinus;7922963;154.81961577417815
2017;Pinus;9673836;114.24483968296032
2017;Pinus;10829020;135.39613765106017
2018;Eucalipto;1;3052.2227464262755
2018;Eucalipto;40;76.3023797314128
2018;Eucalipto;140;61044.48971684454
2018;Eucalipto;200;22.890713919423835
2018;Eucalipto;231;3184.360378195189
2018;Eucalipto;240;38.1511898657064
2018;Eucalipto;250;97.67400372001369
2018;Eucalipto;316;72.44087631947353
2018;Eucalipto;1432;121.49240614681032
2018;Eucalipto;1581;76.25599530604417
2018;Eucalipto;2683;1907.211610095055
2018;Eucalipto;2858;138.29516423660016
2018;Eucalipto;4300;145.1600591911589
2018;Eucalipto;4488;72.42928021313135
2018;Eucalipto;6015;152.23368405987648
2018;Eucalipto;11319;70.78263311254464
2018;Eucalipto;11879;2063.6314885444517
2018;Eucalipto;12751;436.4890388252445
2018;Eucalipto;13947;79.00427250913607
2018;Eucalipto;14035;91.44689461427376
2018;Eucalipto;20602;1298.694333683867
2018;Eucalipto;22913;1019.5180734963648
2018;Eucalipto;25930;76.92856947388943
2018;Eucalipto;26470;77.4272020466023
2018;Eucalipto;39675;1427.7126128467391
2018;Eucalipto;43885;55.70769486773664
2018;Eucalipto;58882;1402.9433296998852
2018;Eucalipto;59874;202.43322841508711
2018;Eucalipto;65350;285.55411867568995
2018;Eucalipto;67509;92.40937144067304
2018;Eucalipto;95395;70.20282779543665
2018;Eucalipto;113950;69.43748477685408
2018;Eucalipto;114104;1699.8732286972345
2018;Eucalipto;131769;761.5394957023315
2018;Eucalipto;136730;42.30259593619968
2018;Eucalipto;157214;756.4140166990968
2018;Eucalipto;169099;265.1565676198305
2018;Eucalipto;175823;64.69467728291065
2018;Eucalipto;196844;70.19123168909448
2018;Eucalipto;216962;177.24648543991557
2018;Eucalipto;250513;27.96980849728992
2018;Eucalipto;262741;64.24242913556638
2018;Eucalipto;301521;63.81337320090648
2018;Eucalipto;380527;870.2877809791079
2018;Eucalipto;398652;68.28947024898024
2018;Eucalipto;428785;157.66066182800736
2018;Eucalipto;454335;188.4019397410735
2018;Eucalipto;500465;66.92112970060536
2018;Eucalipto;573931;72.38289578776272
2018;Eucalipto;866652;101.106451197293
2018;Eucalipto;1040431;95.51712794037194
2018;Eucalipto;1074392;202.51440115948225
2018;Eucalipto;1529891;115.05656712691152
2018;Eucalipto;2378273;69.83175239248752
2018;Eucalipto;2609256;120.72706312822775
2018;Eucalipto;2888121;68.10393254750566
2018;Eucalipto;3114221;57.35434196832336
2018;Eucalipto;3314621;163.11083180882252
2018;Eucalipto;3517879;137.3558796228852
2018;Eucalipto;4798029;158.9246374193028
2018;Eucalipto;5041679;53.5160307690684
2018;Eucalipto;5094242;1018.4860200319126
2018;Eucalipto;6067983;90.57718663861176
2018;Eucalipto;6200390;133.33203072215568
2018;Eucalipto;6513804;56.07877027068575
2018;Eucalipto;6531407;56.58899894974079
2018;Eucalipto;7010573;46.74390466524696
2018;Eucalipto;7032126;91.609240103064
2018;Eucalipto;7136759;84.38486585189833
2018;Eucalipto;9429757;62.039168930556
2018;Eucalipto;11141670;63.55825886137896
2018;Eucalipto;13763068;103.03140485009158
2018;Eucalipto;13965687;60.69402059486544
2018;Eucalipto;17511680;82.88896813375969
2018;Pinus;1;3052.2227464262755
2018;Pinus;30;1526.1171712663086
2018;Pinus;157;29.1642074505324
2018;Pinus;520;789.4745158805948
2018;Pinus;1920;137.50662900533328
2018;Pinus;6284;686.8025903271102
2018;Pinus;10800;61.04190378513024
2018;Pinus;11000;76.3023797314128
2018;Pinus;15922;32.96773033076088
2018;Pinus;17250;64.13806417848696
2018;Pinus;25400;53.53922298175272
2018;Pinus;30233;83.94421381089623
2018;Pinus;32061;67.02549465768479
2018;Pinus;58374;71.58276445015368
2018;Pinus;102481;152.38443344232456
2018;Pinus;132525;230.75092010264183
2018;Pinus;140000;137.3558796228852
2018;Pinus;285997;57.52828356345576
2018;Pinus;444083;78.80713870131936
2018;Pinus;457576;147.93152860693507
2018;Pinus;715907;66.86314916889455
2018;Pinus;1392245;60.21858023483688
2018;Pinus;1707603;48.62247389267687
2018;Pinus;2776837;86.41418446177632
2018;Pinus;6106193;69.50706141490704
2018;Pinus;8274914;120.7734475535964
2018;Pinus;8430773;97.7551764644088
2018;Pinus;11349215;129.25020128971536
2019;Eucalipto;35;85.04584391340144
2019;Eucalipto;215;96.92025680777328
2019;Eucalipto;259;3241.11172263372
2019;Eucalipto;300;39.69347200921367
2019;Eucalipto;390;72.51045295752648
2019;Eucalipto;500;38.69620686378792
2019;Eucalipto;816;744.1917206144602
2019;Eucalipto;1429;118.73253283737624
2019;Eucalipto;1739;77.03293443096888
2019;Eucalipto;2554;1807.1488084685568
2019;Eucalipto;3386;193.41145768088663
2019;Eucalipto;3685;149.04475481578243
2019;Eucalipto;4687;70.8174214315711
2019;Eucalipto;6515;163.34275393566574
2019;Eucalipto;8069;453.9527749765376
2019;Eucalipto;11924;2121.22934874596
2019;Eucalipto;12120;69.99409788127775
2019;Eucalipto;15035;89.19724998389471
2019;Eucalipto;19785;73.5772947410052
2019;Eucalipto;20985;1276.3138484434985
2019;Eucalipto;25452;1011.4935679075902
2019;Eucalipto;33470;65.55278915223047
2019;Eucalipto;34534;45.56110181834663
2019;Eucalipto;37032;1529.8627136148266
2019;Eucalipto;41600;78.88831144571448
2019;Eucalipto;58383;1440.1204466328504
2019;Eucalipto;60840;64.41637073069879
2019;Eucalipto;63450;91.29614523182568
2019;Eucalipto;63497;198.6992821729116
2019;Eucalipto;76700;275.38433341361565
2019;Eucalipto;84856;76.10524592359606
2019;Eucalipto;103359;76.89378115486295
2019;Eucalipto;119466;1712.315850802372
2019;Eucalipto;132008;914.5501188871326
2019;Eucalipto;133972;32.30675226925776
2019;Eucalipto;137824;65.78471127907368
2019;Eucalipto;141824;206.6658072299755
2019;Eucalipto;142732;48.20501406435912
2019;Eucalipto;161520;64.90340719706951
2019;Eucalipto;165795;733.6856482684633
2019;Eucalipto;167416;799.5399361855898
2019;Eucalipto;189966;68.37064299337536
2019;Eucalipto;210138;167.25064177297364
2019;Eucalipto;355921;61.90001565445008
2019;Eucalipto;422095;67.81402988895168
2019;Eucalipto;451867;150.40149925781515
2019;Eucalipto;566454;211.4781913619719
2019;Eucalipto;738913;80.29144031311584
2019;Eucalipto;911614;85.86916746369478
2019;Eucalipto;1047324;93.04715728949182
2019;Eucalipto;1063672;91.59764399672184
2019;Eucalipto;1132841;199.4298368724677
2019;Eucalipto;1142041;105.39701054389224
2019;Eucalipto;1349573;101.26879668608328
2019;Eucalipto;1476848;70.57390319838575
2019;Eucalipto;2253678;121.85188544341727
2019;Eucalipto;2293525;158.3680243148791
2019;Eucalipto;3059587;140.37086727184678
2019;Eucalipto;3258408;67.64008829381928
2019;Eucalipto;4714660;52.13609411435136
2019;Eucalipto;4745333;70.75944089986031
2019;Eucalipto;5222524;952.6781165401546
2019;Eucalipto;5278881;154.95876905028405
2019;Eucalipto;5406346;107.85538508843015
2019;Eucalipto;5538482;112.51701983797848
2019;Eucalipto;6134613;54.84958299841679
2019;Eucalipto;6197618;89.4639604297644
2019;Eucalipto;6698313;57.85297454103624
2019;Eucalipto;8612485;65.93546066152176
2019;Eucalipto;8682284;50.28071709960575
2019;Eucalipto;10622456;117.700479372924
2019;Eucalipto;11074269;59.719947662124
2019;Eucalipto;13103651;56.34548071655544
2019;Eucalipto;14602994;77.49677868465527
2019;Pinus;1;2976.766882457841
2019;Pinus;24;1488.3834412289204
2019;Pinus;500;791.8169293617112
2019;Pinus;955;32.72421209757552
2019;Pinus;2406;699.6510761542236
2019;Pinus;4219;111.12548707691926
2019;Pinus;10250;81.89170298833392
2019;Pinus;11000;58.05010834885296
2019;Pinus;11360;38.91653288428896
2019;Pinus;17200;65.50640472686183
2019;Pinus;21450;66.95591801963184
2019;Pinus;53324;61.83043901639712
2019;Pinus;76220;87.08675862962158
2019;Pinus;105671;168.1087536422935
2019;Pinus;122615;241.8599899784311
2019;Pinus;130000;141.3913246299569
2019;Pinus;245211;149.4158302187316
2019;Pinus;356955;70.16803947641016
2019;Pinus;650745;70.57390319838575
2019;Pinus;790671;88.16519651944247
2019;Pinus;1204176;82.07724068980848
2019;Pinus;1788930;47.91511140580512
2019;Pinus;1885034;91.63243231574832
2019;Pinus;5999281;66.82836084986808
2019;Pinus;6516744;109.86151148562382
2019;Pinus;8686271;125.91052266317328
2019;Pinus;11951147;124.49579768942976
2020;Eucalipto;3;1909.6815807459352
2020;Eucalipto;34;84.24571257579241
2020;Eucalipto;266;145.38038521165993
2020;Eucalipto;304;3067.1121469696086
2020;Eucalipto;310;41.58363734298575
2020;Eucalipto;383;714.2621701453452
2020;Eucalipto;480;716.1291432664327
2020;Eucalipto;570;70.35357717788472
2020;Eucalipto;1400;128.90231809945055
2020;Eucalipto;2219;40.01816298679416
2020;Eucalipto;2842;68.54458458850775
2020;Eucalipto;3036;1694.0867716324965
2020;Eucalipto;3075;186.31464059948468
2020;Eucalipto;3111;64.45115904972528
2020;Eucalipto;4500;156.2807251732903
2020;Eucalipto;7020;157.3011825314004
2020;Eucalipto;7340;84.29209700116103
2020;Eucalipto;8442;83.64271504600008
2020;Eucalipto;8690;74.66732873716823
2020;Eucalipto;12056;2318.9893463051567
2020;Eucalipto;18640;65.6919424283364
2020;Eucalipto;20558;1361.4060767822684
2020;Eucalipto;21746;1247.311986481756
2020;Eucalipto;27013;1081.5224541078944
2020;Eucalipto;29697;81.17274439511999
2020;Eucalipto;31395;73.90198571858568
2020;Eucalipto;58102;1356.0602717585325
2020;Eucalipto;59179;192.2170587276441
2020;Eucalipto;63967;46.97582679209015
2020;Eucalipto;71000;90.36845672445288
2020;Eucalipto;75000;67.73285714455656
2020;Eucalipto;104409;987.130148482712
2020;Eucalipto;105041;65.61076968394127
2020;Eucalipto;107221;68.40543131240183
2020;Eucalipto;119068;1625.704532532779
2020;Eucalipto;141932;200.612639719368
2020;Eucalipto;147640;189.54995426894732
2020;Eucalipto;156337;31.98206129167728
2020;Eucalipto;167317;696.1606481452334
2020;Eucalipto;168214;66.43409323423464
2020;Eucalipto;183603;787.7582921419553
2020;Eucalipto;196670;66.20217110739144
2020;Eucalipto;269398;58.28203047569615
2020;Eucalipto;293894;154.99355736931054
2020;Eucalipto;390076;69.78536796711889
2020;Eucalipto;403466;125.50465894119768
2020;Eucalipto;511205;191.40533128369296
2020;Eucalipto;539205;81.12635996975135
2020;Eucalipto;1023224;195.3016230146587
2020;Eucalipto;1150322;89.16246166486822
2020;Eucalipto;1200331;98.24221293077952
2020;Eucalipto;1377549;87.01718199156863
2020;Eucalipto;1890315;78.6795815315556
2020;Eucalipto;2218712;95.06487979302769
2020;Eucalipto;2280658;118.14113141392606
2020;Eucalipto;3000826;94.86774598521096
2020;Eucalipto;3355165;68.23148971726944
2020;Eucalipto;3384344;125.85254213146249
2020;Eucalipto;3972773;58.67629809132959
2020;Eucalipto;5084112;83.05131362254991
2020;Eucalipto;5411451;1279.6303348573558
2020;Eucalipto;6025166;113.931744811722
2020;Eucalipto;6282172;59.49962164162296
2020;Eucalipto;6293952;147.34012718348495
2020;Eucalipto;6519681;58.86183579280415
2020;Eucalipto;6829399;144.7541954691833
2020;Eucalipto;7558208;86.69249101398816
2020;Eucalipto;7608889;96.06214493845344
2020;Eucalipto;8497068;68.97364052316767
2020;Eucalipto;11217783;60.50848289339088
2020;Eucalipto;13079511;106.46385232737096
2020;Eucalipto;14277050;57.72541737127248
2020;Eucalipto;14661653;85.55607259245647
2020;Pinus;1;2864.516573065731
2020;Pinus;23;1307.7161044180673
2020;Pinus;537;1082.8676024435854
2020;Pinus;2167;32.387925013652875
2020;Pinus;4976;757.8635299918667
2020;Pinus;5900;38.83536013989384
2020;Pinus;8900;60.1837919158104
2020;Pinus;11063;106.1623535624748
2020;Pinus;15000;114.58112676688296
2020;Pinus;21500;65.88907623615312
2020;Pinus;36973;237.11718248448767
2020;Pinus;40033;74.27306112153478
2020;Pinus;64450;56.24111575947599
2020;Pinus;90000;186.1986795360631
2020;Pinus;90471;274.9900657979822
2020;Pinus;150000;143.22350943201815
2020;Pinus;231230;148.4069689669637
2020;Pinus;332800;71.53638002478503
2020;Pinus;402005;61.78405459102848
2020;Pinus;636125;58.76906694206688
2020;Pinus;1005444;70.02888620030424
2020;Pinus;1748186;46.9062501540372
2020;Pinus;2170808;89.98578521516158
2020;Pinus;6236722;69.866540711514
2020;Pinus;8183550;136.32382615843295
2020;Pinus;9127097;136.3354222647751
2020;Pinus;15118623;133.0305319572595
2021;Eucalipto;3;3882.422787780537
2021;Eucalipto;18;1509.8304399087453
2021;Eucalipto;30;4141.247881337547
2021;Eucalipto;33;78.43606329837024
2021;Eucalipto;200;129.41254677850557
2021;Eucalipto;260;44.79575879976409
2021;Eucalipto;320;44.48266392852575
2021;Eucalipto;439;3269.2554727261418
2021;Eucalipto;677;141.46090126800982
2021;Eucalipto;750;776.4868767773758
2021;Eucalipto;1062;77.99541125736816
2021;Eucalipto;1188;70.80582532522897
2021;Eucalipto;1295;1904.741639444175
2021;Eucalipto;3071;168.14354196131998
2021;Eucalipto;3490;68.23148971726944
2021;Eucalipto;4268;1718.9488236300876
2021;Eucalipto;5200;155.2950561342067
2021;Eucalipto;9800;71.17690072817807
2021;Eucalipto;10060;77.56635532270823
2021;Eucalipto;11000;25.88250935570112
2021;Eucalipto;12222;85.76480250661534
2021;Eucalipto;13375;2518.8134507932577
2021;Eucalipto;23504;115.46243084888712
2021;Eucalipto;23628;77.00974221828454
2021;Eucalipto;27600;53.82912564030672
2021;Eucalipto;27630;1371.7961880648436
2021;Eucalipto;30278;1261.3200829430853
2021;Eucalipto;30695;1062.6787813018843
2021;Eucalipto;34660;75.20074962890759
2021;Eucalipto;37749;1672.112150114103
2021;Eucalipto;45096;173.6748846865303
2021;Eucalipto;59759;1294.6125042514268
2021;Eucalipto;65236;1098.8122486640552
2021;Eucalipto;72500;60.92594272170864
2021;Eucalipto;93142;1685.1693658553754
2021;Eucalipto;120243;97.77836867709313
2021;Eucalipto;129051;61.66809352760688
2021;Eucalipto;130701;193.41145768088663
2021;Eucalipto;157711;37.87288331349456
2021;Eucalipto;161606;673.4670680336262
2021;Eucalipto;173380;94.4502861568932
2021;Eucalipto;174173;900.0897742784591
2021;Eucalipto;179407;64.93819551609599
2021;Eucalipto;223626;73.32218040147767
2021;Eucalipto;281918;133.81906718852642
2021;Eucalipto;379782;58.83864358011984
2021;Eucalipto;414273;174.44022770511287
2021;Eucalipto;450414;122.8027661634744
2021;Eucalipto;467751;207.8833983959023
2021;Eucalipto;489030;85.42851542269271
2021;Eucalipto;934947;190.4080661382672
2021;Eucalipto;1047591;87.1447391613324
2021;Eucalipto;1218394;58.1544733059324
2021;Eucalipto;1798719;112.41265488089904
2021;Eucalipto;1804938;109.42085944462175
2021;Eucalipto;2163972;88.28115758286407
2021;Eucalipto;2487708;123.86960794695312
2021;Eucalipto;3269949;74.20348448348184
2021;Eucalipto;3366991;145.1832514038432
2021;Eucalipto;4176738;110.75441167397015
2021;Eucalipto;4463818;57.77180179664112
2021;Eucalipto;4618091;112.56340426334712
2021;Eucalipto;5174202;118.90647443250865
2021;Eucalipto;5699440;163.0180629580853
2021;Eucalipto;5781617;58.31681879472264
2021;Eucalipto;6103107;1255.9858740256916
2021;Eucalipto;6231289;64.94979162243816
2021;Eucalipto;6782682;139.25764106299945
2021;Eucalipto;6937674;85.59086091148295
2021;Eucalipto;7777862;82.1236251151771
2021;Eucalipto;7848037;90.17132291663616
2021;Eucalipto;8415168;71.98862817212928
2021;Eucalipto;11315265;126.7454423198088
2021;Eucalipto;12270868;58.91981632451496
2021;Eucalipto;13144044;105.61733656439328
2021;Eucalipto;14188660;82.74981485765376
2021;Pinus;1;2588.2857238891384
2021;Pinus;28;1294.1370638913982
2021;Pinus;458;36.73646489196288
2021;Pinus;555;1133.25268450027
2021;Pinus;5592;813.9307041562103
2021;Pinus;7209;62.46822486521592
2021;Pinus;13200;39.70506811555584
2021;Pinus;13854;109.47883997633257
2021;Pinus;18000;116.47129210065502
2021;Pinus;38270;72.7075867653432
2021;Pinus;39700;49.967622228367446
2021;Pinus;73800;169.53507472237916
2021;Pinus;77861;1028.1803649339586
2021;Pinus;130000;478.83801918681286
2021;Pinus;160000;139.76786974205447
2021;Pinus;261506;136.18467288232705
2021;Pinus;266384;62.80451194913856
2021;Pinus;308200;77.5779514290504
2021;Pinus;482308;81.48583926635831
2021;Pinus;928675;61.23903759294696
2021;Pinus;1443632;50.466254801080325
2021;Pinus;2297508;107.58867464256046
2021;Pinus;6331723;77.58954753539255
2021;Pinus;8871961;129.54010394826935
2021;Pinus;9862430;152.69752831356286
2021;Pinus;15952515;132.48551495917798
2022;Eucalipto;3;4456.812723226748
2022;Eucalipto;18;3106.2606019807413
2022;Eucalipto;34;71.50159170575856
2022;Eucalipto;40;60.77519333926056
2022;Eucalipto;87;1536.8319735264645
2022;Eucalipto;98;2641.8365429772334
2022;Eucalipto;160;68.37064299337536
2022;Eucalipto;265;45.8626005832428
2022;Eucalipto;335;43.54337931481079
2022;Eucalipto;650;140.25490620842518
2022;Eucalipto;678;849.7742688598269
2022;Eucalipto;884;158.12450608169374
2022;Eucalipto;1194;1851.7474334605035
2022;Eucalipto;1351;75.5718250318567
2022;Eucalipto;3200;248.4117900617515
2022;Eucalipto;3415;2253.3785766212154
2022;Eucalipto;5000;151.93218529498031
2022;Eucalipto;5453;129.5053156292429
2022;Eucalipto;6000;66.8515530625524
2022;Eucalipto;9091;66.8515530625524
2022;Eucalipto;10000;20.66426150172912
2022;Eucalipto;10732;82.34395113567815
2022;Eucalipto;12942;2777.26746894732
2022;Eucalipto;22196;1531.033920355385
2022;Eucalipto;25618;1356.0370795458484
2022;Eucalipto;26255;72.1277814482352
2022;Eucalipto;34453;1767.2350104388418
2022;Eucalipto;43090;1827.082515270729
2022;Eucalipto;43489;51.23159781966287
2022;Eucalipto;46190;168.5957901086642
2022;Eucalipto;55415;91.94552718698664
2022;Eucalipto;60880;1320.587782457865
2022;Eucalipto;73376;74.96882750206439
2022;Eucalipto;78321;56.0671741643436
2022;Eucalipto;81750;143.31627828275546
2022;Eucalipto;91176;1692.811199934859
2022;Eucalipto;99300;166.8911624763667
2022;Eucalipto;125231;29.9179543627728
2022;Eucalipto;125366;191.3009663266135
2022;Eucalipto;133000;62.65376256669048
2022;Eucalipto;135802;111.97200283989696
2022;Eucalipto;153161;974.5599692078106
2022;Eucalipto;157848;800.7923156705432
2022;Eucalipto;185930;63.69741213748488
2022;Eucalipto;211849;1362.194612013535
2022;Eucalipto;237196;126.17723310904296
2022;Eucalipto;340099;58.69949030401391
2022;Eucalipto;378370;222.065436452364
2022;Eucalipto;385219;239.749498624158
2022;Eucalipto;472960;90.61197495763824
2022;Eucalipto;785126;135.9063663301152
2022;Eucalipto;1002764;180.899258937696
2022;Eucalipto;1116269;106.37108347663369
2022;Eucalipto;1147142;65.3440592380716
2022;Eucalipto;1630208;98.4509428449384
2022;Eucalipto;2650212;127.29045931789032
2022;Eucalipto;2864939;100.14397437089374
2022;Eucalipto;2885060;171.51800890688853
2022;Eucalipto;3084655;88.52467581604944
2022;Eucalipto;3660292;106.71896666689848
2022;Eucalipto;3926975;155.49218994202343
2022;Eucalipto;4455869;68.13872086653215
2022;Eucalipto;4693444;93.8125003080744
2022;Eucalipto;5321070;117.7584599046348
2022;Eucalipto;5397164;58.88502800548848
2022;Eucalipto;5767732;127.18609436081088
2022;Eucalipto;6187717;90.09015017224102
2022;Eucalipto;6247157;1182.083888307106
2022;Eucalipto;6336852;71.15370851549375
2022;Eucalipto;6386835;115.21891261570174
2022;Eucalipto;7789774;97.4884660185391
2022;Eucalipto;7930277;88.62904077312889
2022;Eucalipto;8076966;189.4803776308944
2022;Eucalipto;12301906;60.19538802215255
2022;Eucalipto;15115701;104.8519935458107
2022;Eucalipto;17540067;109.7571465285444
2022;Eucalipto;24651738;90.38005283079504
2022;Pinus;1;2430.9845413577377
2022;Pinus;20;1215.4922706788689
2022;Pinus;568;1168.4120789296994
2022;Pinus;1428;43.41582214504703
2022;Pinus;1697;1166.788624041797
2022;Pinus;4213;121.45761782778382
2022;Pinus;10200;47.06859564282744
2022;Pinus;13114;102.4168112139571
2022;Pinus;15165;71.73351383260176
2022;Pinus;49340;67.84881820797816
2022;Pinus;49835;80.48857412093255
2022;Pinus;105375;464.3196940464285
2022;Pinus;150000;133.7031061251048
2022;Pinus;219485;63.0248379696396
2022;Pinus;273182;143.31627828275546
2022;Pinus;279450;110.90516105641822
2022;Pinus;377400;126.40915523588616
2022;Pinus;920400;93.15152224657126
2022;Pinus;1337861;58.97779685622575
2022;Pinus;1578113;50.43146648205384
2022;Pinus;2219836;133.3784151475243
2022;Pinus;6477262;72.44087631947353
2022;Pinus;9893730;131.0939821981188
2022;Pinus;10074427;145.48475016873934
2022;Pinus;14884887;140.5100205479527
2023;Eucalipto;3;6571.130792592781
2023;Eucalipto;18;2834.598618702959
2023;Eucalipto;20;1855.3770147456
2023;Eucalipto;35;66.26015163910223
2023;Eucalipto;42;82.83098760204888
2023;Eucalipto;50;46.38442536864
2023;Eucalipto;125;2022.360946072704
2023;Eucalipto;231;110.44131680273182
2023;Eucalipto;255;72.765567297054
2023;Eucalipto;291;43.8332819733648
2023;Eucalipto;368;44.11158852557664
2023;Eucalipto;520;4058.637219756
2023;Eucalipto;950;156.24593685426385
2023;Eucalipto;1180;1748.263780463068
2023;Eucalipto;1400;75.37469122404
2023;Eucalipto;2100;64.05689143409184
2023;Eucalipto;3104;373.20908651607743
2023;Eucalipto;3462;2116.243023018831
2023;Eucalipto;6506;146.690745228324
2023;Eucalipto;6524;88.33913811457488
2023;Eucalipto;7200;75.37469122404
2023;Eucalipto;8909;173.89521070703134
2023;Eucalipto;10837;90.5308022132431
2023;Eucalipto;12593;3185.17210563914
2023;Eucalipto;16611;138.71262406491792
2023;Eucalipto;17335;1434.009298590532
2023;Eucalipto;19140;1861.557739425971
2023;Eucalipto;20612;74.71371316253689
2023;Eucalipto;26359;71.04934355841432
2023;Eucalipto;27109;1391.544357165542
2023;Eucalipto;34483;1800.1331641315496
2023;Eucalipto;49109;197.713613133828
2023;Eucalipto;50162;162.47304596000376
2023;Eucalipto;55485;108.9686112972775
2023;Eucalipto;64439;101.0600667719244
2023;Eucalipto;71433;1969.9697376188249
2023;Eucalipto;81734;1367.9462807592467
2023;Eucalipto;88646;153.97310001120047
2023;Eucalipto;102500;73.82081297419055
2023;Eucalipto;110366;154.50652090293983
2023;Eucalipto;123157;50.35029373765872
2023;Eucalipto;139339;1019.5412657090494
2023;Eucalipto;142856;104.38814929212433
2023;Eucalipto;144206;926.1578213356348
2023;Eucalipto;149438;127.55716976376
2023;Eucalipto;195381;66.05142172494337
2023;Eucalipto;204249;1355.1789676765284
2023;Eucalipto;232962;118.9180705388508
2023;Eucalipto;268500;89.41757600439576
2023;Eucalipto;308900;105.8376625848943
2023;Eucalipto;412651;58.1544733059324
2023;Eucalipto;441950;221.1609401576755
2023;Eucalipto;482035;62.16672610031976
2023;Eucalipto;561092;147.490876565933
2023;Eucalipto;989026;179.72805219713783
2023;Eucalipto;1073102;129.71404554340177
2023;Eucalipto;1261540;112.72574975213732
2023;Eucalipto;1406989;68.52139237582344
2023;Eucalipto;1615822;152.94104654674825
2023;Eucalipto;2595514;126.687461788098
2023;Eucalipto;2650860;98.59009612104433
2023;Eucalipto;3165632;113.02724851703351
2023;Eucalipto;3798255;143.82650696181048
2023;Eucalipto;3924004;158.58835033538014
2023;Eucalipto;4524232;93.4298287987831
2023;Eucalipto;4674399;116.37852324991776
2023;Eucalipto;4937285;148.58091056209605
2023;Eucalipto;5015546;63.16399124574552
2023;Eucalipto;5333683;112.6213847950579
2023;Eucalipto;5441983;126.72225010712448
2023;Eucalipto;5956577;147.88514418156646
2023;Eucalipto;5967990;1269.0314936606217
2023;Eucalipto;6264036;76.68505124070407
2023;Eucalipto;7820786;174.37065106705992
2023;Eucalipto;7848469;134.56121799442462
2023;Eucalipto;8852000;96.50279697945552
2023;Eucalipto;10230113;89.3479993663428
2023;Eucalipto;12152988;67.11826350842209
2023;Eucalipto;13924643;110.5108934407848
2023;Eucalipto;18713239;112.1343483286872
2023;Eucalipto;27473226;127.8122841032875
2023;Pinus;1;2319.221268432
2023;Pinus;19;1220.640941894788
2023;Pinus;317;120.7154670218856
2023;Pinus;877;48.92397265757303
2023;Pinus;1375;1240.574648696961
2023;Pinus;1685;98.41615452591192
2023;Pinus;2181;57.95733949811567
2023;Pinus;2583;1084.1895585665914
2023;Pinus;9247;102.96182821203864
2023;Pinus;11570;65.64555800296776
2023;Pinus;12815;85.15020887048088
2023;Pinus;15800;58.7922591547512
2023;Pinus;16900;155.21388338981157
2023;Pinus;81155;515.017870974352
2023;Pinus;97726;86.97079756619999
2023;Pinus;100742;121.75911659268
2023;Pinus;339050;140.55640497332135
2023;Pinus;351526;124.90166141140534
2023;Pinus;433134;183.36922958857605
2023;Pinus;966111;108.41199819285382
2023;Pinus;1424567;65.2860787063608
2023;Pinus;1661706;51.56788490358552
2023;Pinus;3134103;158.83186856856548
2023;Pinus;6527636;76.85899283583647
2023;Pinus;7549338;126.80342285151958
2023;Pinus;10236722;158.50717759098504
2023;Pinus;14833542;146.89947514248288
